id,rings
3759,10.979228727307119
3760,11.93518549873199
3761,7.9561911722126055
3762,9.850163740494052
3763,8.67288978923819
3764,8.176464936729435
3765,8.25814787842444
3766,10.620450451747363
3767,14.623007855520378
3768,8.109385476289155
3769,8.467170300528094
3770,10.44407435982123
3771,10.787546258090547
3772,8.78414827781301
3773,8.84032111869593
3774,10.52635253704399
3775,8.996195787205187
3776,11.548677660283097
3777,8.368670442398328
3778,10.719879199874056
3779,6.813245420194297
3780,4.056440677338376
3781,10.208867081606982
3782,12.768201726492869
3783,12.202772281047164
3784,8.468739134799211
3785,10.938930512315148
3786,9.465665898992246
3787,11.029058374746967
3788,9.1809767738377
3789,12.893843589176308
3790,8.391038666960831
3791,10.733276449080245
3792,7.529622666110982
3793,10.858598899439414
3794,7.303554928119289
3795,11.546596596095723
3796,12.513524196582976
3797,10.873080699871172
3798,5.585699879822914
3799,4.150447641223694
3800,8.98546338018124
3801,14.649557982279939
3802,16.05241909994133
3803,5.437895100879182
3804,13.918538641953823
3805,9.449520970551728
3806,11.25905910930846
3807,10.085011510245529
3808,9.107850160618117
3809,11.090667801782658
3810,13.208149738309801
3811,9.34549900034603
3812,13.023219720784287
3813,7.133035405256861
3814,12.143487367681736
3815,8.828109075474616
3816,10.680615950252843
3817,8.058467470892897
3818,8.235295036816128
3819,11.131809644474945
3820,7.13402750047159
3821,11.581102297401872
3822,8.842204298501926
3823,10.754800180333163
3824,5.729347647829945
3825,10.718774624383162
3826,9.046625727505035
3827,8.196796928549123
3828,10.904663498948535
3829,10.745042568368012
3830,9.514836170358253
3831,10.170836450110738
3832,11.514495618583773
3833,12.897949235490792
3834,10.937247079343544
3835,11.480190208004469
3836,10.660536163726118
3837,5.843763311838552
3838,4.396329349298354
3839,10.727555601326008
3840,9.148600837885326
3841,10.894517567672212
3842,7.896460274363876
3843,4.015270323238895
3844,14.35650180083166
3845,15.29966025505899
3846,7.989488323129503
3847,9.837402615960732
3848,10.198432739713448
3849,11.794204154957455
3850,11.444965980485522
3851,6.762199118500157
3852,11.422189265576515
3853,11.228551449372317
3854,11.300471285526953
3855,10.132203633059394
3856,10.387014041579462
3857,12.765852039605901
3858,9.578763989344164
3859,7.690367462216235
3860,13.354917554242254
3861,4.245603824903267
3862,9.985712368423593
3863,11.354063644405057
3864,9.689284665374254
3865,13.181422064211086
3866,9.088421107935783
3867,6.6479613919012515
3868,10.0030855873608
3869,10.933238863060529
3870,12.89115140099331
3871,5.904024159310461
3872,14.299245885334038
3873,7.491543457850618
3874,10.169764846416632
3875,13.417289424414042
3876,10.290131472355117
3877,11.827953177211471
3878,6.159907016212165
3879,11.852406924886397
3880,8.757317469346368
3881,12.093279390451213
3882,12.71774632703204
3883,7.909630054375652
3884,14.356422162361127
3885,11.577526979987804
3886,12.4048967920479
3887,12.612404538546167
3888,7.158102061878221
3889,9.793165842123916
3890,9.409349072660916
3891,11.915107548183762
3892,9.60898589050542
3893,10.056823078112433
3894,5.352056647298167
3895,5.396530587087059
3896,9.684246957301383
3897,9.59443385870687
3898,4.288322179525782
3899,11.384619205913767
3900,7.702325350403702
3901,15.968888729772196
3902,8.552516546404195
3903,11.171455486778186
3904,7.177987784875931
3905,9.476765803532802
3906,11.055713247846327
3907,9.294167830770904
3908,10.062072900371987
3909,10.938896145383604
3910,16.695218733554093
3911,11.245136213515504
3912,10.104293110234394
3913,6.772371024151059
3914,8.36145770150556
3915,11.30026301247637
3916,11.18015870552264
3917,6.921857754767971
3918,7.105773227917157
3919,9.159833610078614
3920,11.66936716787346
3921,7.082617449382658
3922,9.1633421490402
3923,8.80010234846299
3924,8.818154862096481
3925,10.483105936636218
3926,8.711699605505022
3927,9.754489548566955
3928,10.977187508341109
3929,7.119013324678239
3930,8.208740270907828
3931,9.35747641655516
3932,8.011277295992507
3933,10.866434864500041
3934,8.52892149108042
3935,12.37781151346045
3936,6.134520926487028
3937,7.914429691192791
3938,12.079066079586562
3939,10.098467287674755
3940,9.643258557263097
3941,8.260267501141616
3942,11.343727783734737
3943,10.355866838560335
3944,6.89975094746515
3945,10.599681278382423
3946,11.846945204969153
3947,9.693037630834588
3948,6.881971492921369
3949,12.624470343576347
3950,11.239748794599409
3951,12.587376264177008
3952,11.295255489039969
3953,11.163928539902976
3954,6.834155827069362
3955,10.323686593135944
3956,12.979906541145562
3957,10.830692914470147
3958,7.92187848956876
3959,7.045770393654925
3960,9.952361955091279
3961,10.029602309063472
3962,9.038538848742995
3963,6.623556588409799
3964,9.223779396588585
3965,10.904638656594859
3966,16.136696692699406
3967,10.736438822758911
3968,5.6675959476555935
3969,5.419687240060874
3970,6.2065596862377435
3971,7.421410000086638
3972,8.257671042772465
3973,7.834971798265838
3974,12.598702996024452
3975,7.684516885239123
3976,11.268578268004966
3977,10.827096257983142
3978,11.211929938330064
3979,6.775408120923938
3980,13.811970471553336
3981,9.838396547365763
3982,6.816001039014065
3983,4.044574144837197
3984,4.6443901982021405
3985,7.173653941911664
3986,8.366506497163828
3987,14.807109607529629
3988,11.473678720048893
3989,11.648518113228711
3990,12.910764349914892
3991,11.180825526341925
3992,4.096426266806253
3993,7.906798006807781
3994,6.0595914904465715
3995,11.784761454897728
3996,6.950594939531446
3997,12.360572090059051
3998,10.907387020899277
3999,10.47873307964131
4000,8.980193220098377
4001,11.566580582506635
4002,10.824543077257339
4003,10.107605258877198
4004,7.521095053140801
4005,7.852972254595719
4006,11.148510229432553
4007,12.479114389995868
4008,13.050066181725843
4009,4.573134412511394
4010,10.89156598501502
4011,11.103219372662627
4012,11.368746022785794
4013,3.6436530988474494
4014,7.829359478435671
4015,4.0733051694655575
4016,10.193698347972509
4017,7.268175157853289
4018,11.840720540461405
4019,8.826762789395438
4020,6.07569458375231
4021,8.913580829651151
4022,13.164794937848868
4023,13.178213733134537
4024,8.947834686873577
4025,13.25575646356961
4026,9.42389864044523
4027,12.036756823533151
4028,10.882793872085433
4029,4.163194262429273
4030,6.486617125812387
4031,9.043370428982666
4032,8.705636000113623
4033,9.365016688560438
4034,10.723533700918901
4035,12.021087082905124
4036,12.721946682180409
4037,11.32718360576274
4038,6.7908347680214725
4039,12.742880566264638
4040,8.54621625987351
4041,7.97882157496937
4042,11.00788545182428
4043,15.062859310191554
4044,7.98968758817095
4045,7.391588636205431
4046,11.338929718791519
4047,9.766155793750087
4048,9.08429423635734
4049,8.142165395605778
4050,11.128644358480457
4051,11.877569817176218
4052,11.73922827082533
4053,7.782071216344576
4054,6.840350280302018
4055,7.826137160107793
4056,12.22500562355717
4057,7.333249199999119
4058,7.827561709922423
4059,9.627961027488222
4060,7.967918641399307
4061,10.152280296953618
4062,10.543922724764268
4063,8.977517046442482
4064,9.593821671651229
4065,12.984681270589567
4066,6.936718674338436
4067,10.098651712283067
4068,11.03006119398942
4069,12.449636719407817
4070,9.47726846475174
4071,12.475564313905837
4072,15.466834791697725
4073,11.073326388225942
4074,9.854992987539083
4075,10.938598127228174
4076,13.50386406903253
4077,9.862109763237182
4078,10.967711938876572
4079,4.91013366291367
4080,5.834935460274272
4081,11.007774869732057
4082,8.596446330820456
4083,11.54413520470893
4084,11.323827878982293
4085,12.607997133394143
4086,12.925994465647722
4087,6.87151937586696
4088,7.1609572966148916
4089,3.659950717895068
4090,6.631805607209161
4091,7.441352705039422
4092,7.150349638792664
4093,7.592487649006464
4094,11.056373112790787
4095,9.541156434523128
4096,4.768945456596415
4097,10.815683251564515
4098,10.915708087791117
4099,10.032222635989584
4100,9.876135684958117
4101,7.79079930026662
4102,8.303988958946055
4103,8.489986696039905
4104,9.810156608682277
4105,8.080659007897822
4106,14.000117863876598
4107,11.105109922634298
4108,16.128335216699774
4109,11.531159518211464
4110,12.232701094105987
4111,10.885136933227352
4112,10.616189983104553
4113,6.856282675812176
4114,6.736233672467125
4115,9.501877929071872
4116,12.236164688038636
4117,11.346836240699355
4118,7.068934930177983
4119,13.982004855602254
4120,9.82891271405795
4121,5.302202037354968
4122,10.955485828131707
4123,10.474937291372932
4124,9.380847557829856
4125,8.007288241874395
4126,10.962396235766853
4127,5.686314334526068
4128,8.279056375667551
4129,8.99071083985194
4130,12.653014407472385
4131,8.851820310260559
4132,10.767184082728491
4133,11.413233538917803
4134,9.696161533646375
4135,12.024218084788123
4136,8.871012521623165
4137,8.564664666081619
4138,4.832062783952364
4139,6.503915693952894
4140,11.664937322017854
4141,9.706456822653275
4142,11.698304275692726
4143,4.2975524429359
4144,8.164938064341612
4145,9.376342891511486
4146,10.45784809119603
4147,6.76098221155922
4148,6.666217800176988
4149,5.53004204964565
4150,8.147561233757955
4151,10.98944833893009
4152,6.0790472043900765
4153,10.126160773975592
4154,8.538868533882772
4155,10.321941517633764
4156,9.548359914126873
4157,12.53852249267748
4158,10.012933977813834
4159,8.840873661164695
4160,6.357095876779887
4161,8.717514575914953
4162,11.140367726089416
4163,13.093797267351965
4164,9.528444853456264
4165,9.200002320792324
4166,7.178743026413418
4167,10.873651271016513
4168,11.785668178468292
4169,8.69776594165804
4170,9.108148888783873
4171,10.236936289452785
4172,8.479003979203336
4173,6.9965311687685325
4174,10.813862388306193
4175,5.6001945210953075
4176,9.2020376487599
