Team,League,Year,RS,RA,W,OBP,SLG,BA,Playoffs,RankSeason,RankPlayoffs,G,OOBP,OSLG
CHC,NL,1967,702,624,87,0.316,0.37799999999999995,0.251,0,,,162,,
MIL,NL,2007,801,776,83,0.32899999999999996,0.456,0.262,0,,,162,0.33299999999999996,0.42200000000000004
DET,AL,1977,714,751,74,0.318,0.41,0.264,0,,,162,,
KCR,AL,1987,715,691,83,0.32799999999999996,0.41200000000000003,0.262,0,,,162,,
HOU,NL,2012,583,794,55,0.302,0.371,0.23600000000000002,0,,,162,0.337,0.42700000000000005
NYM,NL,2005,722,648,83,0.322,0.41600000000000004,0.258,0,,,162,0.321,0.387
CIN,NL,2009,673,723,78,0.318,0.39399999999999996,0.247,0,,,162,0.33299999999999996,0.418
SDP,NL,1987,668,763,65,0.332,0.37799999999999995,0.26,0,,,162,,
HOU,NL,2006,735,719,82,0.332,0.409,0.255,0,,,162,0.319,0.42100000000000004
STL,NL,1990,599,698,70,0.32,0.358,0.256,0,,,162,,
CIN,NL,1980,707,670,89,0.327,0.386,0.262,0,,,163,,
ATL,NL,1979,669,763,66,0.318,0.377,0.256,0,,,160,,
BOS,AL,1997,851,857,78,0.35200000000000004,0.46299999999999997,0.29100000000000004,0,,,162,,
PHI,NL,1966,696,640,87,0.322,0.37799999999999995,0.258,0,,,162,,
BAL,AL,1974,659,612,91,0.322,0.37,0.256,1,2,3,162,,
KCR,AL,2003,836,867,83,0.336,0.42700000000000005,0.27399999999999997,0,,,162,0.348,0.45
TEX,AL,2008,901,967,79,0.354,0.462,0.28300000000000003,0,,,162,0.36200000000000004,0.455
CHW,AL,2003,791,715,86,0.331,0.446,0.263,0,,,162,0.322,0.40399999999999997
DET,AL,1985,729,688,84,0.318,0.424,0.253,0,,,161,,
BOS,AL,1982,753,713,89,0.34,0.40700000000000003,0.27399999999999997,0,,,162,,
BAL,AL,1979,757,582,102,0.336,0.419,0.261,1,1,2,159,,
HOU,NL,1968,510,588,72,0.298,0.317,0.231,0,,,162,,
STL,NL,1975,662,689,82,0.327,0.375,0.273,0,,,163,,
CHC,NL,1974,669,826,66,0.327,0.365,0.251,0,,,162,,
CHW,AL,1992,738,690,86,0.336,0.38299999999999995,0.261,0,,,162,,
BAL,AL,2000,794,913,74,0.341,0.435,0.272,0,,,162,0.35200000000000004,0.449
LAD,NL,1992,548,636,63,0.313,0.33899999999999997,0.248,0,,,162,,
MIN,AL,2001,771,766,85,0.337,0.433,0.272,0,,,162,0.325,0.43700000000000006
MON,NL,1979,701,581,95,0.319,0.408,0.264,0,,,160,,
MON,NL,1983,677,646,82,0.326,0.386,0.264,0,,,163,,
WSA,AL,1962,599,716,60,0.308,0.373,0.25,0,,,162,,
BOS,AL,1967,722,614,92,0.321,0.395,0.255,1,2,2,162,,
STL,NL,1969,595,540,87,0.316,0.359,0.253,0,,,162,,
PIT,NL,1968,583,532,80,0.306,0.34299999999999997,0.252,0,,,163,,
CHW,AL,2006,868,794,90,0.342,0.46399999999999997,0.28,0,,,162,0.326,0.44
CHW,AL,1989,693,750,69,0.32799999999999996,0.38299999999999995,0.271,0,,,161,,
CAL,AL,1966,604,643,80,0.303,0.354,0.23199999999999998,0,,,162,,
SDP,NL,1997,795,891,76,0.342,0.40700000000000003,0.271,0,,,162,,
LAD,NL,1975,648,534,88,0.325,0.365,0.248,0,,,162,,
LAD,NL,1979,739,717,79,0.331,0.41200000000000003,0.263,0,,,162,,
ATL,NL,2004,803,668,96,0.34299999999999997,0.434,0.27,1,4,4,162,0.32899999999999996,0.4
COL,NL,1997,923,908,83,0.35700000000000004,0.478,0.28800000000000003,0,,,162,,
TEX,AL,2003,826,969,71,0.33,0.45399999999999996,0.266,0,,,162,0.36,0.473
BOS,AL,1975,796,709,95,0.344,0.41700000000000004,0.275,1,3,2,160,,
BOS,AL,1971,691,667,85,0.322,0.397,0.252,0,,,162,,
MIN,AL,1974,673,669,82,0.336,0.37799999999999995,0.272,0,,,163,,
PIT,NL,1996,776,833,73,0.32899999999999996,0.40700000000000003,0.266,0,,,162,,
CHW,AL,1991,758,681,87,0.336,0.391,0.262,0,,,162,,
CHW,AL,1971,617,597,79,0.325,0.373,0.25,0,,,162,,
CHC,NL,1980,614,728,64,0.309,0.365,0.251,0,,,162,,
HOU,NL,1965,569,711,65,0.305,0.34,0.237,0,,,162,,
SFG,NL,1998,845,739,89,0.353,0.42100000000000004,0.27399999999999997,0,,,163,,
TEX,AL,2000,848,974,71,0.35200000000000004,0.446,0.28300000000000003,0,,,162,0.369,0.475
CAL,AL,1977,675,695,74,0.324,0.386,0.255,0,,,162,,
OAK,AL,1998,804,866,74,0.33799999999999997,0.397,0.257,0,,,162,,
OAK,AL,1985,757,787,77,0.325,0.401,0.264,0,,,162,,
CLE,AL,1976,615,615,81,0.321,0.359,0.263,0,,,159,,
FLA,NL,2005,717,732,83,0.33899999999999997,0.409,0.272,0,,,162,0.33899999999999997,0.402
SDP,NL,1991,636,646,84,0.31,0.36200000000000004,0.244,0,,,162,,
PIT,NL,1974,751,657,88,0.335,0.391,0.27399999999999997,1,4,3,162,,
CHW,AL,1970,633,822,56,0.315,0.36200000000000004,0.253,0,,,162,,
HOU,NL,1963,464,640,66,0.28300000000000003,0.301,0.22,0,,,162,,
CHW,AL,1990,682,633,94,0.32,0.379,0.258,0,,,162,,
LAD,NL,1974,798,561,102,0.342,0.401,0.272,1,1,2,162,,
CLE,AL,1993,790,813,76,0.335,0.409,0.275,0,,,162,,
PIT,NL,1992,693,595,96,0.324,0.381,0.255,1,2,3,162,,
TOR,AL,1984,750,696,89,0.331,0.42100000000000004,0.273,0,,,163,,
CHW,AL,1968,463,527,67,0.284,0.311,0.228,0,,,162,,
TEX,AL,1974,690,698,83,0.336,0.377,0.272,0,,,161,,
CLE,AL,1963,635,702,79,0.301,0.381,0.239,0,,,162,,
MON,NL,1991,579,655,71,0.308,0.35700000000000004,0.24600000000000002,0,,,161,,
DET,AL,1962,758,692,85,0.33,0.41100000000000003,0.248,0,,,161,,
ATL,NL,2000,810,714,95,0.34600000000000003,0.429,0.271,1,2,4,162,0.319,0.402
CHC,NL,1983,701,719,71,0.319,0.401,0.261,0,,,162,,
CIN,NL,2012,669,588,97,0.315,0.41100000000000003,0.251,1,2,4,162,0.305,0.39
DET,AL,1966,719,698,88,0.321,0.406,0.251,0,,,162,,
ATL,NL,1998,826,581,106,0.342,0.45299999999999996,0.272,1,2,3,162,,
PIT,NL,1970,729,664,89,0.325,0.406,0.27,1,4,3,162,,
CAL,AL,1965,527,569,75,0.297,0.341,0.239,0,,,162,,
OAK,AL,2005,772,658,88,0.33,0.40700000000000003,0.262,0,,,162,0.311,0.382
ARI,NL,2006,773,788,76,0.331,0.424,0.267,0,,,162,0.335,0.431
KCR,AL,2000,879,930,77,0.348,0.425,0.28800000000000003,0,,,162,0.36200000000000004,0.474
MON,NL,1982,697,616,86,0.325,0.396,0.262,0,,,162,,
MIL,AL,1988,682,616,87,0.314,0.375,0.257,0,,,162,,
BAL,AL,2001,687,829,63,0.319,0.38,0.248,0,,,162,0.337,0.439
PIT,NL,1985,568,708,57,0.311,0.34700000000000003,0.247,0,,,161,,
CAL,AL,1990,690,706,80,0.32899999999999996,0.391,0.26,0,,,162,,
CLE,AL,1978,639,694,69,0.32299999999999995,0.379,0.261,0,,,159,,
NYM,NL,1965,495,752,50,0.27699999999999997,0.327,0.221,0,,,164,,
CLE,AL,2005,790,642,93,0.33399999999999996,0.45299999999999996,0.271,0,,,162,0.302,0.387
TEX,AL,1973,619,844,57,0.318,0.361,0.255,0,,,162,,
SFG,NL,1988,670,626,83,0.318,0.368,0.248,0,,,162,,
KCA,AL,1964,621,836,57,0.311,0.379,0.239,0,,,163,,
MON,NL,1971,622,729,71,0.322,0.34299999999999997,0.24600000000000002,0,,,162,,
BAL,AL,1963,644,621,86,0.31,0.38,0.249,0,,,162,,
CIN,NL,1962,802,685,98,0.332,0.41700000000000004,0.27,0,,,162,,
TOR,AL,1987,845,655,96,0.336,0.446,0.26899999999999996,0,,,162,,
KCR,AL,2007,706,778,69,0.322,0.38799999999999996,0.261,0,,,162,0.33899999999999997,0.445
HOU,NL,2004,803,698,92,0.342,0.436,0.267,1,6,3,162,0.32799999999999996,0.41700000000000004
OAK,AL,1982,691,819,68,0.309,0.36700000000000005,0.23600000000000002,0,,,162,,
BAL,AL,1966,755,601,97,0.324,0.409,0.258,1,1,1,160,,
PHI,NL,1990,646,729,77,0.327,0.363,0.255,0,,,162,,
WSA,AL,1963,578,812,56,0.293,0.35100000000000003,0.22699999999999998,0,,,162,,
OAK,AL,2010,663,626,81,0.324,0.37799999999999995,0.256,0,,,162,0.313,0.379
HOU,NL,2007,723,813,73,0.33,0.41200000000000003,0.26,0,,,162,0.337,0.45399999999999996
MIN,AL,2011,619,804,63,0.306,0.36,0.247,0,,,162,0.34,0.435
DET,AL,2011,787,711,95,0.34,0.434,0.27699999999999997,1,4,3,162,0.321,0.396
SEA,AL,2006,756,792,78,0.325,0.424,0.272,0,,,162,0.337,0.43200000000000005
BOS,AL,2007,867,657,96,0.36200000000000004,0.444,0.27899999999999997,1,1,1,162,0.314,0.392
LAD,NL,2001,758,744,86,0.32299999999999995,0.425,0.255,0,,,162,0.32299999999999995,0.41100000000000003
CHC,NL,1986,680,781,70,0.318,0.39799999999999996,0.256,0,,,160,,
PIT,NL,1988,651,616,85,0.317,0.369,0.247,0,,,160,,
LAD,NL,1963,640,550,99,0.309,0.35700000000000004,0.251,1,2,1,163,,
ARI,NL,2005,696,856,77,0.332,0.42100000000000004,0.256,0,,,162,0.345,0.455
LAD,NL,1962,842,697,102,0.337,0.4,0.268,0,,,165,,
STL,NL,1970,744,747,76,0.331,0.379,0.263,0,,,162,,
CLE,AL,2001,897,821,91,0.35,0.45799999999999996,0.278,1,6,4,162,0.341,0.41700000000000004
ATL,NL,2003,907,740,101,0.349,0.475,0.284,1,1,4,162,0.327,0.401
CHW,AL,2001,798,795,83,0.33399999999999996,0.451,0.268,0,,,162,0.33399999999999996,0.42700000000000005
LAD,NL,2007,735,727,82,0.337,0.406,0.275,0,,,162,0.326,0.39899999999999997
COL,NL,2005,740,862,67,0.33299999999999996,0.41100000000000003,0.267,0,,,162,0.36200000000000004,0.457
PIT,NL,1983,659,648,84,0.325,0.38299999999999995,0.264,0,,,162,,
MLN,NL,1962,730,665,86,0.326,0.40299999999999997,0.252,0,,,162,,
BOS,AL,1998,876,729,92,0.348,0.46299999999999997,0.28,1,5,4,162,,
CHW,AL,2007,693,839,72,0.318,0.40399999999999997,0.24600000000000002,0,,,162,0.33799999999999997,0.435
SFG,NL,1970,831,826,86,0.35100000000000003,0.409,0.262,0,,,162,,
CLE,AL,2006,870,782,78,0.349,0.457,0.28,0,,,162,0.335,0.431
CIN,NL,1979,731,644,90,0.33799999999999997,0.396,0.264,1,3,3,161,,
NYY,AL,1983,770,703,91,0.337,0.41600000000000004,0.273,0,,,162,,
BOS,AL,2003,961,809,95,0.36,0.491,0.289,1,4,3,162,0.327,0.415
LAD,NL,1991,665,565,93,0.326,0.359,0.253,0,,,162,,
CHW,AL,1977,844,771,90,0.344,0.444,0.278,0,,,162,,
CHC,NL,1991,695,734,77,0.309,0.39,0.253,0,,,160,,
LAA,AL,2008,765,697,100,0.33,0.413,0.268,1,1,4,162,0.32299999999999995,0.406
NYM,NL,2011,718,742,77,0.335,0.391,0.264,0,,,162,0.332,0.41100000000000003
STL,NL,2002,787,648,97,0.33799999999999997,0.425,0.268,1,5,3,162,0.32299999999999995,0.386
NYM,NL,1989,683,595,87,0.311,0.385,0.24600000000000002,0,,,162,,
MON,NL,1978,633,611,76,0.306,0.379,0.254,0,,,162,,
ATL,NL,2012,700,600,94,0.32,0.389,0.247,1,4,5,162,0.306,0.37799999999999995
CHC,NL,1975,712,827,75,0.33799999999999997,0.368,0.259,0,,,162,,
CLE,AL,1998,850,779,89,0.34700000000000003,0.44799999999999995,0.272,1,7,3,162,,
CIN,NL,1991,689,691,74,0.32,0.40299999999999997,0.258,0,,,162,,
SEA,AL,2011,556,675,67,0.292,0.348,0.233,0,,,162,0.31,0.386
SEA,AL,1996,993,895,85,0.366,0.484,0.287,0,,,161,,
BOS,AL,1999,836,718,94,0.35,0.44799999999999995,0.278,1,6,3,162,0.315,0.39799999999999996
MIN,AL,1973,738,692,81,0.342,0.39299999999999996,0.27,0,,,162,,
CLE,AL,2000,950,816,90,0.36700000000000005,0.47,0.28800000000000003,0,,,162,0.35,0.425
BOS,AL,2012,734,806,69,0.315,0.415,0.26,0,,,162,0.331,0.428
STL,NL,2011,762,692,90,0.341,0.425,0.273,1,7,1,162,0.319,0.39799999999999996
SEA,AL,1990,640,680,77,0.33299999999999996,0.373,0.259,0,,,162,,
CLE,AL,1988,666,731,78,0.314,0.387,0.261,0,,,162,,
DET,AL,2009,743,745,86,0.331,0.41600000000000004,0.26,0,,,163,0.336,0.42200000000000004
OAK,AL,1969,740,678,88,0.32899999999999996,0.376,0.249,0,,,162,,
HOU,NL,1974,653,632,81,0.322,0.37799999999999995,0.263,0,,,162,,
PHI,NL,1997,668,840,68,0.322,0.385,0.255,0,,,162,,
CHC,NL,1970,806,679,84,0.33299999999999996,0.415,0.259,0,,,162,,
BOS,AL,1974,696,661,84,0.33299999999999996,0.377,0.264,0,,,162,,
NYM,NL,1977,587,663,64,0.313,0.34600000000000003,0.244,0,,,162,,
SFG,NL,1984,682,807,66,0.32799999999999996,0.375,0.265,0,,,162,,
NYM,NL,2000,807,738,94,0.34600000000000003,0.43,0.263,1,3,2,162,0.327,0.40299999999999997
SEA,AL,1997,925,833,90,0.355,0.485,0.28,1,5,4,162,,
NYM,NL,1996,746,779,71,0.324,0.41200000000000003,0.27,0,,,162,,
CIN,NL,1989,632,691,75,0.309,0.37,0.247,0,,,162,,
CHC,NL,1984,762,658,96,0.331,0.397,0.26,1,2,3,161,,
PHI,NL,1975,735,694,86,0.342,0.402,0.26899999999999996,0,,,162,,
SDP,NL,1988,594,583,83,0.31,0.35100000000000003,0.247,0,,,161,,
SFG,NL,1967,652,551,91,0.313,0.37200000000000005,0.245,0,,,162,,
MIN,AL,1968,562,546,79,0.299,0.35,0.237,0,,,162,,
SDP,NL,1970,681,788,63,0.312,0.391,0.24600000000000002,0,,,162,,
BAL,AL,1989,708,686,87,0.326,0.379,0.252,0,,,162,,
KCR,AL,2001,729,858,65,0.318,0.409,0.266,0,,,162,0.348,0.45
NYY,AL,1991,674,777,71,0.316,0.387,0.256,0,,,162,,
PHI,NL,2004,840,781,86,0.345,0.44299999999999995,0.267,0,,,162,0.33,0.44799999999999995
MIL,AL,1987,862,817,91,0.34600000000000003,0.428,0.276,0,,,162,,
KCR,AL,1984,673,686,84,0.317,0.39899999999999997,0.268,1,4,3,162,,
SFG,NL,2010,697,583,92,0.321,0.408,0.257,1,5,1,162,0.313,0.37
CIN,NL,2000,825,765,85,0.34299999999999997,0.447,0.27399999999999997,0,,,163,0.341,0.43799999999999994
SDP,NL,1984,686,634,92,0.317,0.371,0.259,1,3,2,162,,
CHC,NL,1968,612,611,84,0.298,0.366,0.242,0,,,163,,
CIN,NL,1969,798,768,89,0.335,0.42200000000000004,0.27699999999999997,0,,,163,,
STL,NL,1966,571,577,83,0.298,0.368,0.251,0,,,162,,
SEA,AL,1980,610,793,59,0.308,0.35600000000000004,0.248,0,,,163,,
SFG,NL,1985,556,674,62,0.299,0.348,0.233,0,,,162,,
LAD,NL,1990,728,685,86,0.32799999999999996,0.382,0.262,0,,,162,,
CLE,AL,2008,805,761,81,0.33899999999999997,0.424,0.262,0,,,162,0.33,0.424
DET,AL,1968,671,492,103,0.307,0.385,0.235,1,1,1,164,,
WSN,NL,2010,655,742,69,0.318,0.39,0.25,0,,,162,0.33,0.41
ARI,NL,2009,720,782,70,0.324,0.418,0.253,0,,,162,0.33,0.419
TEX,AL,1990,676,696,83,0.331,0.376,0.259,0,,,162,,
ATL,NL,1967,631,640,77,0.307,0.37200000000000005,0.24,0,,,162,,
TEX,AL,1982,590,749,64,0.308,0.359,0.249,0,,,162,,
BOS,AL,1969,743,736,87,0.33299999999999996,0.415,0.251,0,,,162,,
CHW,AL,2012,748,676,85,0.318,0.42200000000000004,0.255,0,,,162,0.319,0.405
PIT,NL,2012,651,674,79,0.304,0.395,0.243,0,,,162,0.314,0.39
BAL,AL,1982,774,687,94,0.341,0.419,0.266,0,,,163,,
WSA,AL,1966,557,659,71,0.295,0.355,0.23399999999999999,0,,,159,,
SDP,NL,2010,665,581,90,0.317,0.371,0.24600000000000002,0,,,162,0.308,0.368
NYY,AL,2012,804,668,95,0.337,0.45299999999999996,0.265,1,3,3,162,0.311,0.419
TOR,AL,2002,813,828,78,0.327,0.43,0.261,0,,,162,0.344,0.431
DET,AL,1984,829,643,104,0.342,0.43200000000000005,0.271,1,1,1,162,,
TEX,AL,2007,816,844,75,0.32799999999999996,0.426,0.263,0,,,162,0.35600000000000004,0.423
COL,NL,2003,853,892,74,0.344,0.445,0.267,0,,,162,0.359,0.47
MIL,AL,1976,570,655,66,0.311,0.34,0.24600000000000002,0,,,161,,
LAD,NL,1978,727,573,95,0.33799999999999997,0.402,0.264,1,2,2,162,,
MIL,AL,1983,764,708,87,0.33299999999999996,0.418,0.27699999999999997,0,,,162,,
KCR,AL,1988,704,648,84,0.321,0.391,0.259,0,,,161,,
STL,NL,1965,707,674,80,0.314,0.371,0.254,0,,,162,,
NYY,AL,1976,730,575,97,0.32799999999999996,0.389,0.26899999999999996,1,3,2,159,,
MIN,AL,1967,671,590,91,0.309,0.369,0.24,0,,,164,,
PHI,NL,2001,746,719,86,0.32899999999999996,0.414,0.26,0,,,162,0.32899999999999996,0.424
NYY,AL,1996,871,787,92,0.36,0.436,0.28800000000000003,1,3,1,162,,
CHC,NL,1979,706,707,80,0.32899999999999996,0.40299999999999997,0.26899999999999996,0,,,162,,
NYM,NL,1969,632,541,100,0.311,0.35100000000000003,0.242,1,2,1,162,,
KCR,AL,1983,696,767,79,0.32,0.397,0.271,0,,,163,,
NYY,AL,1979,734,672,89,0.32799999999999996,0.406,0.266,0,,,160,,
HOU,NL,2002,749,695,84,0.33799999999999997,0.41700000000000004,0.262,0,,,162,0.33,0.41
NYY,AL,2008,789,727,89,0.342,0.42700000000000005,0.271,0,,,162,0.32899999999999996,0.405
TEX,AL,2012,808,707,93,0.33399999999999996,0.446,0.273,1,5,5,162,0.309,0.408
TOR,AL,1992,780,682,96,0.33299999999999996,0.414,0.263,1,2,1,162,,
HOU,NL,1984,693,630,80,0.32299999999999995,0.371,0.264,0,,,162,,
SDP,NL,2004,768,705,87,0.342,0.414,0.273,0,,,162,0.318,0.431
MON,NL,2002,735,718,83,0.33399999999999996,0.418,0.261,0,,,162,0.32899999999999996,0.42100000000000004
CIN,NL,1976,857,633,102,0.35700000000000004,0.424,0.28,1,1,1,162,,
BOS,AL,1992,599,669,73,0.321,0.34700000000000003,0.24600000000000002,0,,,162,,
BAL,AL,1997,812,681,98,0.341,0.429,0.268,1,2,3,162,,
CIN,NL,2011,735,720,79,0.326,0.408,0.256,0,,,162,0.325,0.415
CHC,NL,1999,747,920,67,0.32899999999999996,0.42,0.257,0,,,162,0.34600000000000003,0.467
SDP,NL,1969,468,746,52,0.285,0.32899999999999996,0.225,0,,,162,,
CIN,NL,2001,735,850,66,0.324,0.419,0.262,0,,,162,0.341,0.455
PIT,NL,2002,641,730,72,0.319,0.381,0.244,0,,,161,0.342,0.423
CHW,AL,1976,586,745,64,0.314,0.349,0.255,0,,,161,,
BOS,AL,2006,820,825,86,0.35100000000000003,0.435,0.26899999999999996,0,,,162,0.34299999999999997,0.447
CAL,AL,1976,550,631,76,0.306,0.318,0.235,0,,,162,,
DET,AL,1983,789,679,92,0.335,0.42700000000000005,0.27399999999999997,0,,,162,,
ARI,NL,2008,720,706,82,0.327,0.415,0.251,0,,,162,0.318,0.39799999999999996
SFG,NL,1987,783,669,90,0.324,0.43,0.26,1,3,3,162,,
STL,NL,1989,632,608,86,0.321,0.363,0.258,0,,,164,,
MON,NL,1977,665,736,75,0.318,0.402,0.26,0,,,162,,
KCR,AL,1973,755,752,88,0.33899999999999997,0.381,0.261,0,,,162,,
NYY,AL,1987,788,758,89,0.336,0.418,0.262,0,,,162,,
MIN,AL,2010,781,671,94,0.341,0.42200000000000004,0.273,1,4,4,162,0.317,0.41700000000000004
PHI,NL,1967,612,581,82,0.313,0.35700000000000004,0.242,0,,,162,,
LAA,AL,2010,681,702,80,0.311,0.39,0.248,0,,,162,0.327,0.40299999999999997
CHW,AL,1962,707,658,85,0.33399999999999996,0.37200000000000005,0.257,0,,,162,,
PIT,NL,1987,723,744,80,0.33,0.40299999999999997,0.264,0,,,162,,
CAL,AL,1980,698,797,65,0.332,0.37799999999999995,0.265,0,,,160,,
OAK,AL,1968,569,544,82,0.304,0.34299999999999997,0.24,0,,,163,,
CLE,AL,1979,760,805,81,0.34,0.384,0.258,0,,,161,,
SEA,AL,1999,859,905,79,0.34299999999999997,0.455,0.26899999999999996,0,,,162,0.368,0.45399999999999996
TEX,AL,1988,637,735,70,0.32,0.368,0.252,0,,,161,,
OAK,AL,1973,758,615,94,0.33299999999999996,0.389,0.26,1,3,1,162,,
HOU,NL,1990,573,656,75,0.313,0.345,0.242,0,,,162,,
OAK,AL,1996,861,900,78,0.344,0.452,0.265,0,,,162,,
OAK,AL,2003,768,643,96,0.327,0.41700000000000004,0.254,1,3,4,162,0.314,0.376
OAK,AL,1978,532,690,69,0.303,0.35100000000000003,0.245,0,,,162,,
MIL,AL,1991,799,744,83,0.336,0.396,0.271,0,,,162,,
PIT,NL,1986,663,700,64,0.321,0.374,0.25,0,,,162,,
CIN,NL,1968,690,673,83,0.32,0.389,0.273,0,,,163,,
DET,AL,1999,747,882,69,0.326,0.44299999999999995,0.261,0,,,161,0.349,0.451
DET,AL,2003,591,928,43,0.3,0.375,0.24,0,,,162,0.35200000000000004,0.461
TEX,AL,2011,855,677,96,0.34,0.46,0.28300000000000003,1,3,2,162,0.307,0.392
MIL,AL,1977,639,765,67,0.314,0.389,0.258,0,,,162,,
NYM,NL,2012,650,709,74,0.316,0.386,0.249,0,,,162,0.315,0.401
KCR,AL,1999,856,921,64,0.348,0.433,0.282,0,,,161,0.365,0.45399999999999996
MIL,AL,1989,707,679,81,0.318,0.382,0.259,0,,,162,,
TBR,AL,2012,697,577,90,0.317,0.39399999999999996,0.24,0,,,162,0.294,0.35200000000000004
SDP,NL,1973,548,770,60,0.29600000000000004,0.35100000000000003,0.244,0,,,162,,
BAL,AL,1973,754,561,97,0.345,0.389,0.266,1,2,3,162,,
PHI,NL,1991,629,680,78,0.303,0.358,0.24100000000000002,0,,,162,,
CHC,NL,1989,702,623,93,0.319,0.387,0.261,1,2,3,162,,
MON,NL,1989,632,630,81,0.319,0.361,0.247,0,,,162,,
BAL,AL,1964,679,567,97,0.316,0.387,0.248,0,,,163,,
TEX,AL,1978,692,632,87,0.332,0.381,0.253,0,,,162,,
DET,AL,2007,887,797,88,0.345,0.45799999999999996,0.287,0,,,162,0.33799999999999997,0.42700000000000005
SFG,NL,2003,755,638,100,0.33799999999999997,0.425,0.264,1,2,4,161,0.321,0.386
HOU,NL,1989,647,669,86,0.306,0.345,0.239,0,,,162,,
HOU,NL,1978,605,634,74,0.313,0.355,0.258,0,,,162,,
ARI,NL,2010,713,836,65,0.325,0.41600000000000004,0.25,0,,,162,0.34,0.44799999999999995
ATL,NL,1984,632,655,80,0.317,0.361,0.247,0,,,162,,
CHW,AL,1998,861,931,80,0.33899999999999997,0.444,0.271,0,,,163,,
PIT,NL,1990,733,619,95,0.33,0.405,0.259,1,2,3,162,,
MON,NL,1976,531,734,55,0.29100000000000004,0.34,0.235,0,,,162,,
PIT,NL,1980,666,646,83,0.322,0.38799999999999996,0.266,0,,,162,,
DET,AL,1993,899,837,85,0.36200000000000004,0.434,0.275,0,,,162,,
CHW,AL,1963,683,544,94,0.32299999999999995,0.365,0.25,0,,,162,,
STL,NL,1964,715,652,93,0.324,0.392,0.272,1,2,1,162,,
MON,NL,1980,694,629,90,0.324,0.38799999999999996,0.257,0,,,162,,
KCR,AL,1971,603,566,85,0.313,0.353,0.25,0,,,161,,
KCR,AL,1969,586,688,69,0.309,0.33799999999999997,0.24,0,,,163,,
PHI,NL,1962,705,759,81,0.33,0.39,0.26,0,,,161,,
MIN,AL,2008,829,745,88,0.34,0.408,0.27899999999999997,0,,,163,0.324,0.431
ATL,NL,1977,678,895,61,0.32,0.376,0.254,0,,,162,,
PIT,NL,1965,675,580,90,0.317,0.382,0.265,0,,,163,,
MIN,AL,1964,737,678,79,0.322,0.42700000000000005,0.252,0,,,163,,
SFG,NL,1976,595,686,74,0.312,0.345,0.24600000000000002,0,,,162,,
SFG,NL,2000,925,747,97,0.36200000000000004,0.47200000000000003,0.278,1,1,4,162,0.342,0.41200000000000003
DET,AL,2008,821,857,74,0.34,0.444,0.271,0,,,162,0.353,0.43700000000000006
MIN,AL,1988,759,672,91,0.34,0.42100000000000004,0.27399999999999997,0,,,162,,
ANA,AL,2002,851,644,99,0.341,0.433,0.282,1,3,1,162,0.314,0.392
KCA,AL,1965,585,755,59,0.309,0.358,0.24,0,,,162,,
KCR,AL,1993,675,694,84,0.32,0.397,0.263,0,,,162,,
CHW,AL,2000,978,839,95,0.35600000000000004,0.47,0.28600000000000003,1,2,4,162,0.34600000000000003,0.434
TOR,AL,1977,605,822,54,0.316,0.365,0.252,0,,,161,,
DET,AL,1964,699,678,85,0.319,0.395,0.253,0,,,163,,
ARI,NL,2007,712,732,90,0.321,0.413,0.25,1,3,3,162,0.33399999999999996,0.42
NYY,AL,1980,820,662,103,0.34299999999999997,0.425,0.267,1,1,3,162,,
OAK,AL,1971,691,564,101,0.321,0.384,0.252,1,1,3,161,,
KCR,AL,1998,714,899,72,0.324,0.39899999999999997,0.263,0,,,161,,
DET,AL,1982,729,685,83,0.324,0.418,0.266,0,,,162,,
CLE,AL,1999,1009,860,97,0.373,0.467,0.289,1,4,4,162,0.34700000000000003,0.439
BAL,AL,1992,705,656,89,0.34,0.39799999999999996,0.259,0,,,162,,
MIL,AL,1997,681,742,78,0.325,0.39799999999999996,0.26,0,,,161,,
LAD,NL,1973,675,565,95,0.32299999999999995,0.371,0.263,0,,,162,,
MLN,NL,1963,677,603,84,0.312,0.37,0.244,0,,,163,,
DET,AL,2002,575,864,55,0.3,0.379,0.248,0,,,161,0.34299999999999997,0.455
CIN,NL,1963,648,594,86,0.31,0.371,0.24600000000000002,0,,,162,,
OAK,AL,1986,731,760,76,0.322,0.39,0.252,0,,,162,,
WSN,NL,2012,731,594,98,0.322,0.428,0.261,1,1,4,162,0.303,0.373
ATL,NL,1993,767,559,104,0.331,0.408,0.262,1,1,3,162,,
MON,NL,1987,741,720,91,0.32799999999999996,0.401,0.265,0,,,162,,
PHI,NL,1978,708,586,90,0.32799999999999996,0.38799999999999996,0.258,1,4,3,162,,
CAL,AL,1975,628,723,72,0.322,0.32799999999999996,0.24600000000000002,0,,,161,,
PHI,NL,1982,664,654,89,0.32299999999999995,0.376,0.26,0,,,162,,
SEA,AL,1988,664,744,68,0.317,0.39799999999999996,0.257,0,,,161,,
PHI,NL,1998,713,808,75,0.326,0.395,0.264,0,,,162,,
STL,NL,1998,810,782,83,0.341,0.441,0.258,0,,,163,,
TEX,AL,2001,890,968,73,0.344,0.47100000000000003,0.275,0,,,162,0.36200000000000004,0.494
PIT,NL,2003,753,801,75,0.33799999999999997,0.42,0.267,0,,,162,0.336,0.431
DET,AL,1975,570,786,57,0.301,0.366,0.249,0,,,159,,
BOS,AL,1973,738,647,89,0.33799999999999997,0.401,0.267,0,,,162,,
NYY,AL,1997,891,688,96,0.36200000000000004,0.436,0.287,1,3,4,162,,
CHW,AL,2010,752,704,88,0.332,0.42,0.268,0,,,162,0.325,0.395
CIN,NL,2010,790,685,91,0.33799999999999997,0.436,0.272,1,6,4,162,0.32299999999999995,0.396
PIT,NL,2010,587,866,57,0.304,0.373,0.242,0,,,162,0.348,0.449
BAL,AL,1991,686,796,67,0.319,0.401,0.254,0,,,162,,
PHI,NL,1983,696,635,90,0.32899999999999996,0.373,0.249,1,4,2,163,,
CHC,NL,1971,637,648,83,0.325,0.37799999999999995,0.258,0,,,162,,
KCR,AL,1992,610,667,72,0.315,0.364,0.256,0,,,162,,
TEX,AL,1975,714,733,79,0.33,0.371,0.256,0,,,162,,
CLE,AL,1989,604,654,73,0.31,0.365,0.245,0,,,162,,
ATL,NL,1985,632,781,66,0.315,0.363,0.24600000000000002,0,,,162,,
PIT,NL,1999,775,782,78,0.33399999999999996,0.419,0.259,0,,,161,0.34299999999999997,0.42
CAL,AL,1970,631,630,86,0.309,0.363,0.251,0,,,162,,
CIN,NL,1971,586,581,79,0.3,0.366,0.24100000000000002,0,,,162,,
PIT,NL,2008,735,884,67,0.32,0.40299999999999997,0.258,0,,,162,0.36200000000000004,0.45399999999999996
NYY,AL,1984,758,679,87,0.33899999999999997,0.40399999999999997,0.276,0,,,162,,
PIT,NL,1975,712,565,92,0.32299999999999995,0.402,0.263,1,4,3,161,,
CIN,NL,1998,750,760,77,0.337,0.402,0.262,0,,,162,,
NYY,AL,2010,859,693,95,0.35,0.436,0.267,1,3,3,162,0.322,0.39899999999999997
HOU,NL,1971,585,567,79,0.302,0.34,0.24,0,,,162,,
ATL,NL,1966,782,683,85,0.326,0.424,0.263,0,,,163,,
CHC,NL,2001,777,701,88,0.336,0.43,0.261,0,,,162,0.321,0.39799999999999996
MIL,NL,2000,740,826,73,0.325,0.40299999999999997,0.24600000000000002,0,,,163,0.35700000000000004,0.42
NYY,AL,1966,611,612,70,0.299,0.374,0.235,0,,,160,,
PHI,NL,1993,877,740,97,0.35100000000000003,0.426,0.27399999999999997,1,2,2,162,,
DET,AL,2012,726,670,88,0.335,0.42200000000000004,0.268,1,6,2,162,0.314,0.402
LAD,NL,2006,820,751,88,0.348,0.43200000000000005,0.276,1,5,4,162,0.33,0.418
DET,AL,1969,701,601,90,0.316,0.387,0.242,0,,,162,,
CHC,NL,1965,635,723,72,0.307,0.358,0.23800000000000002,0,,,164,,
SEA,AL,2003,795,637,93,0.344,0.41,0.271,0,,,162,0.311,0.38799999999999996
SDP,NL,1982,675,658,81,0.311,0.359,0.257,0,,,162,,
BOS,AL,1980,757,767,83,0.34,0.436,0.28300000000000003,0,,,160,,
HOU,NL,1975,664,711,64,0.32,0.359,0.254,0,,,162,,
CLE,AL,2003,699,778,68,0.316,0.401,0.254,0,,,162,0.32899999999999996,0.426
LAD,NL,1993,675,662,81,0.321,0.38299999999999995,0.261,0,,,162,,
CIN,NL,1988,641,596,87,0.309,0.368,0.24600000000000002,0,,,161,,
DET,AL,1997,784,790,79,0.332,0.415,0.258,0,,,162,,
MIN,AL,1987,786,806,85,0.32799999999999996,0.43,0.261,1,4,1,162,,
ATL,NL,1999,840,661,103,0.341,0.436,0.266,1,1,2,162,0.314,0.377
NYM,NL,1997,777,709,88,0.332,0.405,0.262,0,,,162,,
ATL,NL,1974,661,563,88,0.319,0.363,0.249,0,,,163,,
STL,NL,1996,759,706,88,0.33,0.40700000000000003,0.267,1,6,3,162,,
MIN,AL,1992,747,653,90,0.341,0.391,0.27699999999999997,0,,,162,,
SEA,AL,1983,558,740,60,0.301,0.36,0.24,0,,,162,,
FLA,NL,2008,770,767,84,0.326,0.433,0.254,0,,,161,0.33299999999999996,0.40700000000000003
CLE,AL,1982,683,748,78,0.341,0.373,0.262,0,,,162,,
KCR,AL,1990,707,709,75,0.32799999999999996,0.395,0.267,0,,,161,,
MIN,AL,1983,709,822,70,0.319,0.401,0.261,0,,,162,,
LAD,NL,1983,654,609,91,0.318,0.379,0.25,1,3,3,163,,
CIN,NL,1967,604,563,87,0.297,0.37200000000000005,0.248,0,,,162,,
OAK,AL,2011,645,679,74,0.311,0.369,0.244,0,,,162,0.317,0.37799999999999995
CLE,AL,1969,573,717,62,0.307,0.345,0.237,0,,,161,,
CHW,AL,2004,865,831,83,0.33299999999999996,0.457,0.268,0,,,162,0.33799999999999997,0.45299999999999996
BAL,AL,2008,782,869,68,0.33299999999999996,0.429,0.267,0,,,161,0.361,0.435
BOS,AL,1983,724,775,78,0.335,0.409,0.27,0,,,162,,
CAL,AL,1974,618,657,68,0.321,0.35600000000000004,0.254,0,,,163,,
SFG,NL,1986,698,618,83,0.322,0.375,0.253,0,,,162,,
LAD,NL,1964,614,572,80,0.305,0.34,0.25,0,,,164,,
CHW,AL,1988,631,757,71,0.303,0.37,0.244,0,,,161,,
PIT,NL,1978,684,637,88,0.32,0.385,0.257,0,,,161,,
TEX,AL,1980,756,752,76,0.33899999999999997,0.405,0.284,0,,,163,,
LAD,NL,1984,580,600,79,0.306,0.348,0.244,0,,,162,,
CHW,AL,2011,654,706,79,0.319,0.38799999999999996,0.252,0,,,162,0.317,0.397
HOU,NL,1992,608,668,81,0.313,0.359,0.24600000000000002,0,,,162,,
NYM,NL,1984,652,676,90,0.32,0.369,0.257,0,,,162,,
COL,NL,2002,778,898,73,0.337,0.423,0.27399999999999997,0,,,162,0.349,0.466
BOS,AL,2000,792,745,85,0.341,0.423,0.267,0,,,162,0.322,0.41100000000000003
SFG,NL,1963,725,641,88,0.316,0.414,0.258,0,,,162,,
MIL,NL,1998,707,812,74,0.33,0.396,0.26,0,,,162,,
ATL,NL,1968,514,549,81,0.307,0.33899999999999997,0.252,0,,,163,,
TOR,AL,2008,714,610,86,0.331,0.39899999999999997,0.264,0,,,162,0.309,0.38
OAK,AL,2004,793,742,91,0.34299999999999997,0.433,0.27,0,,,162,0.332,0.409
BOS,AL,1976,716,660,83,0.324,0.402,0.263,0,,,162,,
HOU,NL,1980,637,589,93,0.326,0.36700000000000005,0.261,1,3,3,163,,
NYM,NL,1983,575,680,68,0.3,0.344,0.24100000000000002,0,,,162,,
SFG,NL,1991,649,697,75,0.309,0.381,0.24600000000000002,0,,,162,,
CLE,AL,2004,858,857,80,0.35100000000000003,0.444,0.276,0,,,162,0.342,0.445
CHW,AL,1967,531,491,89,0.29100000000000004,0.32,0.225,0,,,162,,
BAL,AL,1976,619,598,88,0.31,0.358,0.243,0,,,162,,
CHC,NL,1973,614,655,77,0.32,0.35700000000000004,0.247,0,,,161,,
CHC,NL,2009,707,672,83,0.332,0.40700000000000003,0.255,0,,,161,0.324,0.391
SEA,AL,1982,651,712,76,0.311,0.381,0.254,0,,,162,,
SFG,NL,1974,634,723,72,0.322,0.358,0.252,0,,,162,,
NYY,AL,2002,897,697,103,0.354,0.455,0.275,1,1,4,161,0.309,0.395
ATL,NL,1970,736,772,76,0.33399999999999996,0.40399999999999997,0.27,0,,,162,,
LAD,NL,1980,663,591,92,0.32299999999999995,0.38799999999999996,0.263,0,,,163,,
NYM,NL,1986,783,578,108,0.33899999999999997,0.401,0.263,1,1,1,162,,
COL,NL,2011,735,774,73,0.32899999999999996,0.41,0.258,0,,,162,0.331,0.431
OAK,AL,1997,764,946,65,0.33899999999999997,0.423,0.26,0,,,162,,
MIN,AL,1998,734,818,70,0.32799999999999996,0.389,0.266,0,,,162,,
LAD,NL,1970,749,684,87,0.33399999999999996,0.382,0.27,0,,,161,,
BAL,AL,2009,741,876,64,0.332,0.415,0.268,0,,,162,0.353,0.47600000000000003
CHW,AL,1982,786,710,87,0.337,0.413,0.273,0,,,162,,
TOR,AL,1985,759,588,99,0.331,0.425,0.26899999999999996,1,2,3,161,,
CHC,NL,1978,664,724,79,0.331,0.361,0.264,0,,,162,,
BOS,AL,1988,813,689,89,0.35700000000000004,0.42,0.28300000000000003,1,4,3,162,,
SDP,NL,1985,650,622,83,0.32,0.368,0.255,0,,,162,,
CIN,NL,2008,704,800,74,0.321,0.408,0.247,0,,,162,0.345,0.45
TBD,AL,2000,733,842,69,0.32899999999999996,0.39899999999999997,0.257,0,,,161,0.345,0.451
NYM,NL,2001,642,713,82,0.32299999999999995,0.387,0.249,0,,,162,0.314,0.419
BAL,AL,1977,719,653,97,0.32899999999999996,0.39299999999999996,0.261,0,,,161,,
NYM,NL,1967,498,672,61,0.28800000000000003,0.325,0.23800000000000002,0,,,162,,
SDP,NL,1978,591,598,84,0.321,0.348,0.252,0,,,162,,
PHI,NL,1987,702,749,80,0.327,0.41,0.254,0,,,162,,
FLA,NL,2010,719,717,80,0.321,0.40299999999999997,0.254,0,,,162,0.331,0.39799999999999996
NYY,AL,1973,641,610,80,0.322,0.37799999999999995,0.261,0,,,162,,
ATL,NL,2002,708,565,101,0.331,0.409,0.26,1,2,4,161,0.313,0.364
DET,AL,2006,822,675,95,0.32899999999999996,0.449,0.27399999999999997,1,3,2,162,0.321,0.405
CIN,NL,1978,710,688,92,0.33399999999999996,0.39299999999999996,0.256,0,,,161,,
BAL,AL,2006,768,899,70,0.33899999999999997,0.424,0.27699999999999997,0,,,162,0.35700000000000004,0.462
FLA,NL,1996,688,703,80,0.32899999999999996,0.39299999999999996,0.257,0,,,162,,
MIN,AL,1970,744,605,98,0.327,0.40299999999999997,0.262,1,3,3,162,,
CAL,AL,1982,814,670,93,0.34700000000000003,0.433,0.27399999999999997,1,2,3,162,,
MIL,AL,1990,732,760,74,0.32,0.384,0.256,0,,,162,,
COL,NL,2012,758,890,64,0.33,0.436,0.27399999999999997,0,,,162,0.35700000000000004,0.47
CLE,AL,1974,662,694,77,0.311,0.37,0.255,0,,,162,,
WSN,NL,2008,641,825,59,0.32299999999999995,0.373,0.251,0,,,161,0.34299999999999997,0.436
MIN,AL,1971,654,670,74,0.32299999999999995,0.37200000000000005,0.26,0,,,160,,
SDP,NL,2007,741,666,89,0.322,0.41100000000000003,0.251,0,,,163,0.311,0.374
MON,NL,1996,741,668,88,0.327,0.406,0.262,0,,,162,,
WSN,NL,2011,624,643,80,0.309,0.38299999999999995,0.242,0,,,161,0.319,0.382
CHC,NL,1993,738,739,84,0.325,0.414,0.27,0,,,163,,
TEX,AL,1992,682,753,77,0.321,0.39299999999999996,0.25,0,,,162,,
SFG,NL,1992,574,647,72,0.302,0.355,0.244,0,,,162,,
OAK,AL,1988,800,620,104,0.336,0.39899999999999997,0.263,1,1,2,162,,
TEX,AL,1997,807,823,77,0.33399999999999996,0.43799999999999994,0.27399999999999997,0,,,162,,
PIT,NL,1991,768,632,98,0.33799999999999997,0.39799999999999996,0.263,1,1,3,162,,
CIN,NL,2006,749,801,80,0.336,0.43200000000000005,0.257,0,,,162,0.337,0.457
HOU,NL,1987,648,678,76,0.318,0.373,0.253,0,,,162,,
FLA,NL,1993,581,724,64,0.314,0.34600000000000003,0.248,0,,,162,,
HOU,NL,1979,583,582,89,0.315,0.344,0.256,0,,,162,,
NYM,NL,1990,775,613,91,0.32299999999999995,0.408,0.256,0,,,162,,
TOR,AL,1996,766,809,74,0.331,0.42,0.259,0,,,162,,
SEA,AL,2010,513,698,61,0.298,0.33899999999999997,0.23600000000000002,0,,,162,0.313,0.401
SFG,NL,1990,719,710,85,0.32299999999999995,0.396,0.262,0,,,162,,
CIN,NL,1966,692,702,76,0.309,0.395,0.26,0,,,160,,
ANA,AL,2004,836,734,92,0.341,0.429,0.282,1,6,4,162,0.326,0.415
CLE,AL,2012,667,845,68,0.324,0.381,0.251,0,,,162,0.336,0.43
BAL,AL,2012,712,705,93,0.311,0.41700000000000004,0.247,1,5,4,162,0.315,0.40299999999999997
MIN,AL,1969,790,618,97,0.34,0.408,0.268,1,3,3,162,,
BOS,AL,1993,686,698,80,0.33,0.395,0.264,0,,,162,,
STL,NL,1976,629,671,72,0.32299999999999995,0.359,0.26,0,,,162,,
CLE,AL,1971,543,747,60,0.3,0.342,0.23800000000000002,0,,,162,,
MIN,AL,1962,798,713,91,0.33799999999999997,0.41200000000000003,0.26,0,,,163,,
MIL,AL,1984,641,734,67,0.317,0.37,0.262,0,,,161,,
BAL,AL,2002,667,773,67,0.309,0.40299999999999997,0.24600000000000002,0,,,162,0.336,0.435
CIN,NL,1984,627,747,70,0.313,0.35600000000000004,0.244,0,,,162,,
SDP,NL,1976,570,662,73,0.31,0.337,0.247,0,,,162,,
NYY,AL,1963,714,547,104,0.309,0.40299999999999997,0.252,1,1,2,161,,
LAD,NL,1988,628,544,94,0.305,0.35200000000000004,0.248,1,3,1,162,,
PIT,NL,1976,708,630,92,0.321,0.391,0.267,0,,,162,,
BOS,AL,2002,859,665,93,0.345,0.444,0.27699999999999997,0,,,162,0.308,0.385
LAD,NL,1989,554,536,77,0.306,0.33899999999999997,0.24,0,,,160,,
CHW,AL,1979,730,748,73,0.33299999999999996,0.41,0.275,0,,,160,,
SFG,NL,1977,673,711,75,0.32299999999999995,0.38299999999999995,0.253,0,,,162,,
SDP,NL,2002,662,815,66,0.321,0.381,0.253,0,,,162,0.34600000000000003,0.442
WSN,NL,2006,746,872,71,0.33799999999999997,0.418,0.262,0,,,162,0.349,0.447
STL,NL,2005,805,634,100,0.33899999999999997,0.423,0.27,1,1,3,162,0.318,0.39799999999999996
DET,AL,2005,723,787,71,0.321,0.428,0.272,0,,,162,0.33,0.436
FLA,NL,1997,740,669,92,0.34600000000000003,0.395,0.259,1,4,1,162,,
TBD,AL,2005,750,936,67,0.32899999999999996,0.425,0.27399999999999997,0,,,162,0.355,0.455
ATL,NL,1973,799,774,76,0.33899999999999997,0.42700000000000005,0.266,0,,,162,,
TOR,AL,1986,809,733,86,0.32899999999999996,0.42700000000000005,0.26899999999999996,0,,,163,,
CAL,AL,1968,498,615,67,0.29100000000000004,0.318,0.22699999999999998,0,,,162,,
BOS,AL,1970,786,722,87,0.335,0.428,0.262,0,,,162,,
NYM,NL,2010,656,652,79,0.314,0.38299999999999995,0.249,0,,,162,0.33,0.39399999999999996
MIA,NL,2012,609,724,69,0.308,0.382,0.244,0,,,162,0.327,0.39899999999999997
TOR,AL,2006,809,754,87,0.348,0.46299999999999997,0.284,0,,,162,0.32799999999999996,0.42200000000000004
LAD,NL,2012,637,597,86,0.317,0.374,0.252,0,,,162,0.31,0.364
NYY,AL,1975,681,588,83,0.325,0.382,0.264,0,,,160,,
BAL,AL,1990,669,698,76,0.33,0.37,0.245,0,,,161,,
HOU,NL,1964,495,628,66,0.285,0.315,0.22899999999999998,0,,,162,,
NYY,AL,1969,562,587,80,0.308,0.344,0.235,0,,,162,,
CHW,AL,2009,724,732,79,0.32899999999999996,0.41100000000000003,0.258,0,,,162,0.325,0.414
SEA,AL,2005,699,751,69,0.317,0.391,0.256,0,,,162,0.332,0.42200000000000004
HOU,NL,1969,676,668,81,0.33,0.35200000000000004,0.24,0,,,162,,
ARI,NL,1998,665,812,65,0.314,0.39299999999999996,0.24600000000000002,0,,,162,,
NYY,AL,1999,900,731,98,0.366,0.45299999999999996,0.282,1,3,1,162,0.32899999999999996,0.4
SFG,NL,1962,878,690,103,0.341,0.441,0.278,1,1,2,165,,
LAD,NL,1968,470,509,76,0.289,0.319,0.23,0,,,162,,
SEA,AL,1989,694,728,73,0.32,0.384,0.257,0,,,162,,
CHW,AL,2008,811,729,89,0.332,0.44799999999999995,0.263,1,6,4,163,0.32,0.41
NYY,AL,1968,536,531,83,0.292,0.318,0.214,0,,,164,,
NYM,NL,1978,607,690,66,0.314,0.35200000000000004,0.245,0,,,162,,
SEA,AL,1978,614,834,56,0.314,0.359,0.248,0,,,160,,
OAK,AL,1991,760,776,84,0.331,0.389,0.248,0,,,162,,
TOR,AL,1983,795,726,89,0.33799999999999997,0.436,0.27699999999999997,0,,,162,,
OAK,AL,1987,806,789,81,0.33299999999999996,0.428,0.26,0,,,162,,
OAK,AL,1990,733,570,103,0.336,0.391,0.254,1,1,2,162,,
SDP,NL,1999,710,781,74,0.332,0.39299999999999996,0.252,0,,,162,0.33299999999999996,0.43
CLE,AL,1996,952,769,99,0.369,0.475,0.293,1,1,4,161,,
ARI,NL,2012,734,688,81,0.32799999999999996,0.418,0.259,0,,,162,0.317,0.415
PIT,NL,1963,567,595,74,0.309,0.359,0.25,0,,,162,,
DET,AL,2000,823,827,79,0.34299999999999997,0.43799999999999994,0.275,0,,,162,0.34,0.44299999999999995
SEA,AL,1977,624,855,64,0.312,0.381,0.256,0,,,162,,
BAL,AL,1978,659,633,90,0.326,0.396,0.258,0,,,161,,
KCR,AL,2009,686,842,65,0.318,0.405,0.259,0,,,162,0.34299999999999997,0.42200000000000004
NYY,AL,1971,648,641,81,0.32799999999999996,0.36,0.254,0,,,162,,
BAL,AL,1971,742,530,101,0.34700000000000003,0.39799999999999996,0.261,1,1,2,158,,
CHC,NL,1987,720,801,76,0.326,0.43200000000000005,0.264,0,,,161,,
CHC,NL,2006,716,834,66,0.319,0.42200000000000004,0.268,0,,,162,0.342,0.431
MIL,AL,1970,613,751,65,0.319,0.358,0.242,0,,,163,,
LAD,NL,1971,663,587,89,0.325,0.37,0.266,0,,,162,,
SEA,AL,1985,719,818,74,0.326,0.41200000000000003,0.255,0,,,162,,
HOU,NL,1982,569,620,77,0.302,0.349,0.247,0,,,162,,
MON,NL,1974,662,657,79,0.335,0.35,0.254,0,,,161,,
BAL,AL,1962,652,680,77,0.314,0.387,0.248,0,,,162,,
OAK,AL,2006,771,727,93,0.34,0.41200000000000003,0.26,1,4,3,162,0.33799999999999997,0.42200000000000004
HOU,NL,2008,712,743,86,0.32299999999999995,0.415,0.263,0,,,161,0.32799999999999996,0.44
BOS,AL,2011,875,737,90,0.349,0.461,0.28,0,,,162,0.322,0.392
SEP,AL,1969,639,799,64,0.316,0.34600000000000003,0.23399999999999999,0,,,163,,
PHI,NL,2008,799,680,92,0.332,0.43799999999999994,0.255,1,4,1,162,0.32899999999999996,0.41
CLE,AL,1980,738,807,79,0.35,0.381,0.27699999999999997,0,,,160,,
CHW,AL,1964,642,501,98,0.32,0.353,0.247,0,,,162,,
STL,NL,1991,651,648,84,0.322,0.35700000000000004,0.255,0,,,162,,
WSA,AL,1968,524,665,65,0.287,0.336,0.22399999999999998,0,,,161,,
HOU,NL,2003,805,677,87,0.336,0.431,0.263,0,,,162,0.326,0.397
MIN,AL,1986,741,839,71,0.325,0.428,0.261,0,,,162,,
CHC,NL,1966,644,809,59,0.313,0.38,0.254,0,,,162,,
PIT,NL,1982,724,696,84,0.327,0.408,0.273,0,,,162,,
CHC,NL,1990,690,774,77,0.314,0.392,0.263,0,,,162,,
WSN,NL,2009,710,874,59,0.337,0.406,0.258,0,,,162,0.35200000000000004,0.45
SEA,AL,1998,859,855,76,0.345,0.46799999999999997,0.276,0,,,161,,
HOU,NL,1985,706,691,83,0.319,0.38799999999999996,0.261,0,,,162,,
BOS,AL,2001,772,745,82,0.33399999999999996,0.439,0.266,0,,,161,0.32899999999999996,0.39299999999999996
MIN,AL,1979,764,725,82,0.341,0.402,0.278,0,,,162,,
TBD,AL,2002,673,918,55,0.314,0.39,0.253,0,,,161,0.35700000000000004,0.46299999999999997
MON,NL,1990,662,598,85,0.322,0.37,0.25,0,,,162,,
MIN,AL,2002,768,712,94,0.332,0.43700000000000006,0.272,1,7,3,161,0.318,0.42100000000000004
OAK,AL,1984,738,796,77,0.327,0.40399999999999997,0.259,0,,,162,,
PHI,NL,1988,597,734,65,0.306,0.355,0.239,0,,,162,,
TOR,AL,1990,767,661,86,0.32799999999999996,0.419,0.265,0,,,162,,
PHI,NL,1980,728,639,91,0.327,0.4,0.27,1,4,1,162,,
BAL,AL,2011,708,860,69,0.316,0.413,0.257,0,,,162,0.341,0.46
CLE,AL,1968,516,504,86,0.293,0.327,0.23399999999999999,0,,,162,,
PHI,NL,2011,713,529,102,0.32299999999999995,0.395,0.253,1,1,4,162,0.29600000000000004,0.361
ATL,NL,2001,729,643,88,0.324,0.41200000000000003,0.26,1,7,3,162,0.314,0.384
SEA,AL,1991,702,674,83,0.32799999999999996,0.38299999999999995,0.255,0,,,162,,
DET,AL,1963,700,703,79,0.327,0.382,0.252,0,,,162,,
MIL,NL,2010,750,804,77,0.335,0.424,0.262,0,,,162,0.33799999999999997,0.42700000000000005
KCA,AL,1967,533,660,62,0.29600000000000004,0.33,0.233,0,,,161,,
PIT,NL,1962,706,626,93,0.321,0.39399999999999996,0.268,0,,,161,,
MIN,AL,1980,670,724,77,0.319,0.381,0.265,0,,,161,,
HOU,NL,2011,615,796,56,0.311,0.374,0.258,0,,,162,0.337,0.43200000000000005
HOU,NL,1986,654,569,96,0.322,0.381,0.255,1,2,3,162,,
TEX,AL,2002,843,882,72,0.33799999999999997,0.455,0.26899999999999996,0,,,162,0.355,0.451
MIN,AL,2007,718,725,79,0.33,0.391,0.264,0,,,162,0.324,0.431
PIT,NL,1966,759,641,92,0.32899999999999996,0.428,0.27899999999999997,0,,,162,,
SEA,AL,1979,711,820,67,0.331,0.40399999999999997,0.26899999999999996,0,,,162,,
MIL,NL,2012,776,733,83,0.325,0.43700000000000006,0.259,0,,,162,0.326,0.414
CIN,NL,1977,802,725,88,0.345,0.436,0.27399999999999997,0,,,162,,
NYY,AL,1965,611,604,77,0.299,0.364,0.235,0,,,162,,
BOS,AL,2009,872,736,95,0.35200000000000004,0.45399999999999996,0.27,1,3,4,162,0.335,0.42200000000000004
MIN,AL,1984,673,675,81,0.318,0.385,0.265,0,,,162,,
STL,NL,2003,876,796,85,0.35,0.45399999999999996,0.27899999999999997,0,,,162,0.336,0.452
CIN,NL,2002,709,774,78,0.33,0.408,0.253,0,,,162,0.33799999999999997,0.426
TEX,AL,1979,750,698,83,0.33399999999999996,0.409,0.278,0,,,162,,
MIN,AL,1999,686,845,63,0.32799999999999996,0.384,0.264,0,,,161,0.342,0.465
ATL,NL,2007,810,733,84,0.33899999999999997,0.435,0.275,0,,,162,0.327,0.415
LAA,AL,2009,883,761,97,0.35,0.441,0.285,1,2,3,162,0.33799999999999997,0.43200000000000005
SFG,NL,1999,872,831,86,0.35600000000000004,0.434,0.271,0,,,162,0.345,0.423
CIN,NL,1982,545,661,61,0.31,0.35,0.251,0,,,162,,
SDP,NL,1993,679,772,61,0.312,0.389,0.252,0,,,162,,
TBD,AL,2001,672,887,62,0.32,0.38799999999999996,0.258,0,,,162,0.345,0.452
LAD,NL,1965,608,521,97,0.312,0.335,0.245,1,2,1,162,,
CHW,AL,1996,898,794,85,0.36,0.447,0.281,0,,,162,,
SEA,AL,1987,760,801,78,0.335,0.428,0.272,0,,,162,,
HOU,NL,2010,611,729,76,0.303,0.36200000000000004,0.247,0,,,162,0.33,0.402
MIN,AL,1976,743,704,85,0.341,0.375,0.27399999999999997,0,,,162,,
MIL,NL,2011,721,638,96,0.325,0.425,0.261,1,3,3,162,0.304,0.385
SDP,NL,1986,656,723,74,0.321,0.38799999999999996,0.261,0,,,162,,
STL,NL,1977,737,688,83,0.33,0.38799999999999996,0.27,0,,,162,,
NYM,NL,1979,593,706,63,0.313,0.35,0.25,0,,,163,,
ATL,NL,1978,600,750,69,0.315,0.363,0.244,0,,,162,,
PIT,NL,1997,725,760,79,0.32899999999999996,0.40399999999999997,0.262,0,,,162,,
LAD,NL,2003,574,556,85,0.303,0.368,0.243,0,,,162,0.306,0.354
KCR,AL,2008,691,781,75,0.32,0.397,0.26899999999999996,0,,,162,0.32799999999999996,0.415
CLE,AL,1970,649,675,76,0.314,0.39399999999999996,0.249,0,,,162,,
ATL,NL,2005,769,674,90,0.33299999999999996,0.435,0.265,1,4,4,162,0.33299999999999996,0.406
STL,NL,1992,631,604,83,0.32299999999999995,0.375,0.262,0,,,162,,
STL,NL,1974,677,643,86,0.331,0.365,0.265,0,,,161,,
SFG,NL,1971,706,644,90,0.32899999999999996,0.37799999999999995,0.247,1,3,3,162,,
CIN,NL,2004,750,907,76,0.331,0.418,0.25,0,,,162,0.348,0.48100000000000004
SEA,AL,2009,640,692,85,0.314,0.402,0.258,0,,,162,0.316,0.39399999999999996
BAL,AL,1965,641,578,94,0.307,0.363,0.23800000000000002,0,,,162,,
STL,NL,1997,689,708,73,0.324,0.396,0.255,0,,,162,,
ATL,NL,1990,682,821,65,0.311,0.396,0.25,0,,,162,,
KCR,AL,1977,822,651,102,0.34,0.436,0.27699999999999997,1,1,3,162,,
LAD,NL,1967,519,595,73,0.301,0.332,0.23600000000000002,0,,,162,,
SFG,NL,1969,713,636,90,0.33399999999999996,0.361,0.242,0,,,162,,
BOS,AL,2008,845,694,95,0.358,0.447,0.28,1,3,3,162,0.32299999999999995,0.39
SDP,NL,1992,617,636,82,0.313,0.386,0.255,0,,,162,,
STL,NL,2010,736,641,86,0.332,0.402,0.263,0,,,162,0.319,0.387
BOS,AL,1986,794,696,95,0.34600000000000003,0.415,0.271,1,3,2,161,,
TEX,AL,1996,928,799,90,0.358,0.469,0.284,1,5,4,163,,
ATL,NL,1986,615,719,72,0.319,0.381,0.25,0,,,161,,
KCA,AL,1962,745,837,72,0.332,0.386,0.263,0,,,162,,
LAD,NL,2010,667,692,80,0.322,0.379,0.252,0,,,162,0.316,0.37799999999999995
LAD,NL,1987,635,675,73,0.309,0.371,0.252,0,,,162,,
TOR,AL,1978,590,775,59,0.308,0.359,0.25,0,,,161,,
NYY,AL,1964,730,577,99,0.317,0.387,0.253,1,1,2,164,,
MON,NL,1984,593,585,78,0.312,0.36200000000000004,0.251,0,,,161,,
SFG,NL,1968,599,529,88,0.307,0.341,0.239,0,,,163,,
DET,AL,1973,642,674,85,0.32,0.39,0.254,0,,,162,,
SFG,NL,2006,746,790,76,0.324,0.42200000000000004,0.259,0,,,161,0.337,0.415
MIN,AL,1975,724,736,76,0.341,0.386,0.271,0,,,159,,
TEX,AL,1977,767,657,94,0.342,0.405,0.27,0,,,162,,
BAL,AL,1968,579,497,91,0.304,0.35200000000000004,0.225,0,,,162,,
CLE,AL,1964,689,693,79,0.312,0.38,0.247,0,,,164,,
NYY,AL,1974,671,623,89,0.324,0.368,0.263,0,,,162,,
WSA,AL,1964,578,733,62,0.299,0.348,0.231,0,,,162,,
CLE,AL,1965,663,613,87,0.315,0.379,0.25,0,,,162,,
ATL,NL,1969,691,631,93,0.321,0.38,0.258,1,4,3,162,,
TEX,AL,1998,940,871,88,0.35700000000000004,0.462,0.289,1,8,4,162,,
CLE,AL,1962,682,745,80,0.312,0.38799999999999996,0.245,0,,,162,,
CHC,NL,1977,692,739,81,0.33,0.387,0.266,0,,,162,,
BOS,AL,2004,949,768,98,0.36,0.47200000000000003,0.282,1,3,1,162,0.318,0.408
OAK,AL,1999,893,846,87,0.355,0.446,0.259,0,,,162,0.344,0.428
PHI,NL,2012,684,680,81,0.317,0.4,0.255,0,,,162,0.306,0.40700000000000003
CHW,AL,1993,776,664,94,0.33799999999999997,0.41100000000000003,0.265,1,4,3,162,,
LAD,NL,2004,761,684,93,0.332,0.423,0.262,1,5,4,162,0.32299999999999995,0.408
HOU,NL,1991,605,717,65,0.309,0.34700000000000003,0.244,0,,,162,,
LAD,NL,1986,638,679,73,0.313,0.37,0.251,0,,,162,,
TOR,AL,2012,716,784,73,0.309,0.40700000000000003,0.245,0,,,162,0.335,0.43799999999999994
OAK,AL,1970,678,593,89,0.325,0.392,0.249,0,,,162,,
MIN,AL,1978,666,678,73,0.33899999999999997,0.375,0.267,0,,,162,,
MIL,AL,1974,647,660,76,0.309,0.369,0.244,0,,,162,,
SFG,NL,1978,613,594,89,0.318,0.374,0.248,0,,,162,,
MIN,AL,1982,657,819,60,0.316,0.396,0.257,0,,,162,,
NYM,NL,1993,672,744,59,0.305,0.39,0.248,0,,,162,,
NYM,NL,2004,684,731,71,0.317,0.409,0.249,0,,,162,0.335,0.405
STL,NL,2000,887,771,95,0.35600000000000004,0.455,0.27,1,2,3,162,0.33799999999999997,0.434
BAL,AL,1996,949,903,88,0.35,0.47200000000000003,0.27399999999999997,1,6,3,163,,
NYM,NL,1971,588,550,83,0.319,0.35100000000000003,0.249,0,,,162,,
MIN,AL,1991,776,652,95,0.344,0.42,0.28,1,2,1,162,,
NYY,AL,1978,735,582,100,0.32899999999999996,0.38799999999999996,0.267,1,1,1,163,,
WSA,AL,1970,626,689,70,0.321,0.358,0.23800000000000002,0,,,162,,
HOU,NL,1996,753,792,82,0.336,0.397,0.262,0,,,162,,
CIN,NL,1997,651,764,76,0.321,0.389,0.253,0,,,162,,
STL,NL,1962,774,664,84,0.335,0.39399999999999996,0.271,0,,,163,,
STL,NL,1999,809,838,75,0.33799999999999997,0.426,0.262,0,,,161,0.355,0.42700000000000005
SEA,AL,1993,734,731,82,0.33899999999999997,0.406,0.26,0,,,162,,
SDP,NL,2011,593,611,71,0.305,0.349,0.237,0,,,162,0.314,0.375
SEA,AL,2002,814,699,93,0.35,0.419,0.275,0,,,162,0.315,0.41
MON,NL,1969,582,791,52,0.31,0.359,0.24,0,,,162,,
NYY,AL,1986,797,738,90,0.34700000000000003,0.43,0.271,0,,,162,,
OAK,AL,2009,759,761,75,0.32799999999999996,0.397,0.262,0,,,162,0.32899999999999996,0.413
LAD,NL,2005,685,755,71,0.326,0.395,0.253,0,,,162,0.327,0.429
SEA,AL,2001,927,627,116,0.36,0.445,0.28800000000000003,1,1,3,162,0.301,0.37799999999999995
PHI,NL,1984,720,690,81,0.33299999999999996,0.40700000000000003,0.266,0,,,162,,
KCR,AL,1997,747,820,67,0.33299999999999996,0.40700000000000003,0.264,0,,,161,,
KCR,AL,2010,676,845,67,0.331,0.39899999999999997,0.27399999999999997,0,,,162,0.342,0.435
PHI,NL,1970,594,730,73,0.305,0.35600000000000004,0.23800000000000002,0,,,161,,
LAA,AL,1964,544,551,82,0.304,0.344,0.242,0,,,162,,
HOU,NL,1977,680,650,81,0.32,0.385,0.254,0,,,162,,
DET,AL,1980,830,757,84,0.348,0.409,0.273,0,,,163,,
SDP,NL,1971,486,610,61,0.293,0.332,0.233,0,,,161,,
CHC,NL,1998,831,792,90,0.337,0.433,0.264,1,6,4,163,,
NYY,AL,2001,804,713,95,0.33399999999999996,0.435,0.267,1,3,2,161,0.318,0.39799999999999996
LAD,NL,1985,682,579,95,0.32799999999999996,0.382,0.261,1,3,3,162,,
PHI,NL,1976,770,557,101,0.33799999999999997,0.395,0.272,1,2,3,162,,
HOU,NL,1970,744,763,79,0.332,0.391,0.259,0,,,162,,
NYY,AL,1985,839,660,97,0.344,0.425,0.267,0,,,161,,
KCA,AL,1963,615,704,73,0.313,0.353,0.247,0,,,162,,
BOS,AL,1987,842,825,78,0.35200000000000004,0.43,0.278,0,,,162,,
ATL,NL,2010,738,629,91,0.33899999999999997,0.401,0.258,1,6,4,162,0.314,0.376
PIT,NL,1989,637,680,74,0.311,0.359,0.24100000000000002,0,,,164,,
OAK,AL,2001,884,645,102,0.345,0.439,0.264,1,2,4,162,0.308,0.38
KCR,AL,1986,654,673,76,0.313,0.39,0.252,0,,,162,,
BOS,AL,1996,928,921,85,0.359,0.457,0.28300000000000003,0,,,162,,
NYM,NL,1968,473,499,73,0.281,0.315,0.228,0,,,163,,
SDP,NL,1998,749,635,98,0.33,0.409,0.253,1,4,2,162,,
LAD,NL,1977,769,582,98,0.336,0.418,0.266,1,4,2,162,,
KCR,AL,2004,720,905,58,0.322,0.397,0.259,0,,,162,0.35200000000000004,0.47600000000000003
BAL,AL,2004,842,830,78,0.345,0.43200000000000005,0.281,0,,,162,0.348,0.40399999999999997
CLE,AL,1992,674,746,76,0.32299999999999995,0.38299999999999995,0.266,0,,,162,,
MIN,AL,2003,801,758,90,0.341,0.431,0.27699999999999997,1,6,4,162,0.319,0.428
SDP,NL,2000,752,815,76,0.33,0.402,0.254,0,,,162,0.34,0.41600000000000004
PIT,NL,1969,725,652,88,0.33399999999999996,0.39799999999999996,0.27699999999999997,0,,,162,,
CHW,AL,1965,647,555,95,0.315,0.364,0.24600000000000002,0,,,162,,
KCR,AL,1976,713,611,90,0.327,0.371,0.26899999999999996,1,4,3,162,,
NYM,NL,1962,617,948,40,0.318,0.361,0.24,0,,,161,,
SFG,NL,1973,739,702,88,0.335,0.40700000000000003,0.262,0,,,162,,
CAL,AL,1996,762,943,70,0.33899999999999997,0.431,0.276,0,,,161,,
MIN,AL,2005,688,662,83,0.32299999999999995,0.391,0.259,0,,,162,0.307,0.408
FLA,NL,2004,718,700,83,0.32899999999999996,0.406,0.264,0,,,162,0.324,0.41200000000000003
HOU,NL,1983,643,646,85,0.32,0.375,0.257,0,,,162,,
ATL,NL,1983,746,640,88,0.341,0.4,0.272,0,,,162,,
SDP,NL,1989,642,626,89,0.319,0.369,0.251,0,,,162,,
PHI,NL,1999,841,846,77,0.35100000000000003,0.431,0.275,0,,,162,0.34700000000000003,0.447
CAL,AL,1978,691,666,87,0.33,0.37,0.259,0,,,162,,
TOR,AL,1988,763,680,87,0.332,0.419,0.268,0,,,162,,
KCR,AL,1982,784,717,90,0.337,0.428,0.285,0,,,162,,
TBD,AL,2003,715,852,63,0.32,0.40399999999999997,0.265,0,,,162,0.34700000000000003,0.44
NYY,AL,1992,733,746,76,0.32799999999999996,0.406,0.261,0,,,162,,
TOR,AL,1980,624,762,67,0.309,0.38299999999999995,0.251,0,,,162,,
DET,AL,1970,666,731,79,0.322,0.374,0.23800000000000002,0,,,162,,
BAL,AL,2005,729,800,74,0.327,0.434,0.26899999999999996,0,,,162,0.336,0.41600000000000004
KCR,AL,2006,757,971,62,0.332,0.41100000000000003,0.271,0,,,162,0.36700000000000005,0.47600000000000003
CHW,AL,1974,684,721,80,0.33,0.389,0.268,0,,,163,,
MON,NL,1999,718,853,68,0.32299999999999995,0.42700000000000005,0.265,0,,,162,0.342,0.418
BAL,AL,2003,743,820,71,0.32299999999999995,0.405,0.268,0,,,163,0.34600000000000003,0.446
BOS,AL,1964,688,793,72,0.322,0.41600000000000004,0.258,0,,,162,,
STL,NL,2008,779,725,86,0.35,0.433,0.281,0,,,162,0.332,0.431
CHC,NL,2011,654,756,71,0.314,0.401,0.256,0,,,162,0.335,0.413
TEX,AL,2010,787,687,90,0.33799999999999997,0.419,0.276,1,7,2,162,0.319,0.39
NYY,AL,1989,698,792,74,0.331,0.391,0.26899999999999996,0,,,161,,
LAA,AL,1962,718,706,86,0.325,0.38,0.25,0,,,162,,
